[
	{
		"className": "oak_log",
		"name": "Oak Log",
		"description": "An oak log exported and delivered to your doorstep from minecraft",
		"food": 0,
		"wood": 50,
		"stone": 0,
		"machineParts": 0,
		"refinedMetal": 0,
		"computerChips": 0,
		"knowledge": 0,
		"category": "Minecraft",
		"unlockedByDefault": true,
		"specialInfo": []
	},
	{
		"className": "oak_planks",
		"name": "Oak Planks",
		"description": "A set of oak planks exported and delivered to your doorstep from minecraft",
		"food": 0,
		"wood": 50,
		"stone": 0,
		"machineParts": 0,
		"refinedMetal": 0,
		"computerChips": 0,
		"knowledge": 0,
		"category": "Minecraft",
		"unlockedByDefault": true,
		"specialInfo": []
	},
	{
		"className": "sand",
		"name": "Sand",
		"description": "A pile of sand exported and delivered to your doorstep from minecraft",
		"food": 0,
		"wood": 0,
		"stone": 50,
		"machineParts": 0,
		"refinedMetal": 0,
		"computerChips": 0,
		"knowledge": 0,
		"category": "Minecraft",
		"unlockedByDefault": true,
		"specialInfo": []
	},
	{
		"className": "grass_block",
		"name": "Grass Block",
		"description": "A bag of grass and dirt exported and delivered to your doorstep from minecraft",
		"food": 25,
		"wood": 0,
		"stone": 25,
		"machineParts": 0,
		"refinedMetal": 0,
		"computerChips": 0,
		"knowledge": 0,
		"category": "Minecraft",
		"unlockedByDefault": true,
		"specialInfo": []
	},
	{
		"className": "dirt",
		"name": "Dirt",
		"description": "A bag of dirt exported and delivered to your doorstep from minecraft",
		"food": 35,
		"wood": 0,
		"stone": 15,
		"machineParts": 0,
		"refinedMetal": 0,
		"computerChips": 0,
		"knowledge": 0,
		"category": "Minecraft",
		"unlockedByDefault": true,
		"specialInfo": []
	},
	{
		"className": "cobblestone",
		"name": "Cobblestone",
		"description": "A pile of cobblestone exported and delivered to your doorstep from minecraft",
		"food": 0,
		"wood": 0,
		"stone": 50,
		"machineParts": 0,
		"refinedMetal": 0,
		"computerChips": 0,
		"knowledge": 0,
		"category": "Minecraft",
		"unlockedByDefault": true,
		"specialInfo": []
	},
	{
		"className": "glass",
		"name": "Glass Block",
		"description": "A window of glass exported and delivered to your doorstep from minecraft",
		"food": 0,
		"wood": 0,
		"stone": 0,
		"machineParts": 0,
		"refinedMetal": 5,
		"computerChips": 0,
		"knowledge": 0,
		"category": "Minecraft",
		"unlockedByDefault": true,
		"specialInfo": []
	},
	{
		"className": "fullgrass",
		"name": "Full Grass",
		"description": "A bag of grass exported and delivered to your doorstep from minecraft",
		"food": 50,
		"wood": 0,
		"stone": 0,
		"machineParts": 0,
		"refinedMetal": 0,
		"computerChips": 0,
		"knowledge": 0,
		"category": "Minecraft",
		"unlockedByDefault": true,
		"specialInfo": []
	},
	{
		"className": "void",
        "name": "Structure Void",
        "description": "A structure void for building",
        "food": 0,
        "wood": 0,
        "stone": 0,
        "machineParts": 0,
        "refinedMetal": 2,
        "computerChips": 0,
        "knowledge": 0,
          "category": "Minecraft",
        "unlockedByDefault": true,
        "specialInfo": []
	},
	{
		"className": "smoothstone",
		"name": "Stone",
		"description": "A giant rock exported and delivered to your doorstep from minecraft",
		"food": 0,
		"wood": 0,
		"stone": 50,
		"machineParts": 0,
		"refinedMetal": 0,
		"computerChips": 0,
		"knowledge": 0,
		"category": "Minecraft",
		"unlockedByDefault": true,
		"specialInfo": []
	},
	{
		"className": "stonebrick",
		"name": "Stone Bricks",
		"description": "A bunch of bricks made from stone exported and delivered to your doorstep from minecraft",
		"food": 0,
		"wood": 0,
		"stone": 100,
		"machineParts": 0,
		"refinedMetal": 0,
		"computerChips": 0,
		"knowledge": 0,
		"category": "Minecraft",
		"unlockedByDefault": true,
		"specialInfo": []
	}
]